song,sentiment
"""Self-Titled"" Part 1 . The Visual Album",13
"""Self-Titled"" Part 2 . Imperfection",38
***Flawless (Ft. Chimamanda Ngozi Adichie),-32
***Flawless (Remix) (Ft. Nicki Minaj),-96
​come home (nala interlude),0
​war (nala interlude),0
‎blind trust,21
1+1,23
2017 Grammy's Best Urban Contemporary Album Speech,17
6 Inch (Ft. The Weeknd),37
7/11,32
7/11 (Homecoming Live),6
A Woman Like Me,36
All I Could Do Was Cry,-3
All Night,43
Amor Gitano (Ft. Alejandro Fernández),8
Anger,1
Apathy,4
Apology to Fans,5
At Last,14
At Last (Live),14
Ave Maria,-8
Ave Maria (Live),-4
B&J,15
Baby Boy (Alternate Version) (Ft. Sean Paul),58
Baby Boy (Alternative Version) (Ft. Sean Paul),57
Baby Boy (Ft. Sean Paul),63
Baby Boy (Homecoming Live),3
Baby Boy (Live),20
Baby Boy [Junior's World Mixshow],20
Baby Boy Medley (The Beyonce Experience Live),18
"Baby, You're The Only Man",155
Back to Black (Ft. André 3000),-6
Back Up,1
Be With You,28
Beautiful Liar (Bello Embustero) [Spanish Version],-4
Beautiful Liar (Beyoncé Experience Live),6
Beautiful Liar (Spanglish Version),-13
Before I Let Go,-5
Best Thing I Never Had,10
Best Thing I Never Had (Lars B Remix),22
Best Thing I Never Had [Original Version],10
Beyoncé Interlude,6
Beyoncé VMA's 2014,87
Beyoncé.com Homepage Message,0
BIGGER (Ft. RAYE),8
Black Culture,-2
BLACK PARADE,36
BLACK PARADE (Extended),36
Blow,24
Blow (Country Club Martini Crew Remix Edit) (Ft. Pharrell Williams),27
Blow Remix (Ft. Pharrell Williams),23
Blue (Ft. Blue Ivy Carter),31
Bonnie And Clyde Medley (The Beyonce Experience Live),10
Bootylicious (Live),3
Bow Down,-55
Bow Down (Homecoming Live),-15
Broken-Hearted Girl (Catalyst Remix),-22
Broken-Hearted Girl (Live),-15
Broken Hearted Girl,-14
Bug a Boo Roll Call (Interlude) [Homecoming Live],4
Cali Girl Dreams (Ft. Joy Bryant & Rah Digga),0
Cards Never Lie (Ft. Rah Digga & Wyclef Jean),8
Check On It (Beyoncé Experience Live),10
Check On It (Ft. Bun B & Slim Thug),45
Check On It (Homecoming Live),10
Check On It (Live),43
Check on It (LP Version) (Ft. Slim Thug),43
Check On It [Bama Boyz Remix],43
Check On It [Junior Vasquez Club Mix],43
Check On It [King Club Mix],43
Check On It [Maurice Nu Soul Mix],43
Control,-8
Countdown,41
Countdown (Homecoming Live),23
Countdown (Isa Machine Remix),38
Crazy in Love (Ft. JAY-Z),27
Crazy in Love (Homecoming Live),-20
Crazy In Love (Live In Brooklyn) (Ft. JAY-Z),24
Crazy In Love (Remix),18
Crazy In Love (The Beyonce Experience Live) (Ft. JAY-Z),28
Crazy In Love (Without Rap),21
Crazy In Love [Rockwilder Remix] (Ft. JAY-Z),22
Creole,-81
Daddy,41
Daddy Lessons,-13
Daddy Lessons (Remix) (Ft. The Chicks),-13
Dance for You,40
Dance For You (Remix) (Ft. T.I.),30
Dangerously In Love (The Beyonce Experience Live),66
Dangerously In Love 2,119
Darling Nicki (Minaj),-2
Deja Vu (Beyoncé Experience Live),15
Déjà Vu (Freemasons Radio - with Rap) (Ft. JAY-Z),8
Déjà Vu (Ft. JAY-Z),8
Déjà Vu (Homecoming Live) (Ft. JAY-Z),19
Deja Vu (No Rap Version)‎,-1
Denial (Poem),-2
Destiny's Child Medley,17
Diamonds,8
Die With You,-10
Disappear,-7
Diva,7
Diva (Homecoming Live),-15
Diva (Karmatronic Club Remix),7
Diva (Live),7
Don't Hurt Yourself (Ft. Jack White),-78
Don't Hurt Yourself (Homecoming Live),-72
Don't Hurt Yourself (Poetry),4
Donk,0
Dreamgirls,23
Dreamgirls Medley (The Beyonce Experience Live),6
Dreaming,45
Drunk in Love (Ft. JAY-Z),46
Drunk in Love (Homecoming Live),24
Drunk In Love (T.I. Remix) (Ft. JAY-Z & T.I.),70
Drunk in Love Remix (Ft. JAY-Z & Kanye West),47
Ego,59
Ego (feat. Kanye West) [Live],34
Ego (OK DAC Remix),64
Ego (Remix) (Ft. Kanye West),80
Ego (Twinsmatic Remix),57
Encore for the Fans,5
End of Time,55
End of Time (JIMEK Remix),69
End of Time (WAWA Extended),62
Everything I Do (Ft. Bilal),39
Fever,24
"Fighting Temptation (Ft. Free - Marie Antoinette Wright, MC Lyte & Missy Elliott)",28
FIND YOUR WAY BACK,11
FIND YOUR WAY BACK (MeLo-X Remix) (Ft. MeLo-X),10
"Fingertips/Master Blaster (Jammin')/Higher Ground [Live at the ""Stevie Wonder Tribute 'Songs In The Key of Life""] (Ft. Ed Sheeran & Gary Clark Jr.)",62
Flawless / Feeling Myself (Homecoming Live),-5
Flaws and All,37
Flaws and All (Beyoncé Experience Live),20
Formation,-30
Formation (Album Version),-26
Formation (Homecoming Live),-24
Forward (Ft. James Blake),5
Freakum Dress,13
Freakum Dress (Beyoncé Experience Live),11
Freakum Dress (Live),13
Free Fall,0
FREEDOM (2016 BET Awards) (Ft. Kendrick Lamar),4
Freedom (Ft. Kendrick Lamar),3
Freedom (Homecoming Live),10
Gender Equality is a Myth!,0
Get Me Bodied,-19
Get Me Bodied (Beyoncé Experience Live),-10
Get Me Bodied (Extended Mix),-16
Get Me Bodied (Homecoming Live),-11
Get Me Bodied (Live),-16
Get Me Bodied (Timbaland Remix) (Ft. Julio Voltio),-5
Ghost,-9
Gift from Virgo,36
God Made You Beautiful,102
Green Light,10
Green Light (Freemasons Mix),27
Green Light (HBA Remix),-3
Green Light (Remix) (Ft. Young Buck),22
Green Light Medley (The Beyonce Experience Live),10
Grown Woman,34
Halo,16
Halo - Gomi Club Remix,15
Halo - Lost Daze Club Remix,15
Halo (Dave Audé Club Remix),16
Halo (Hope for Haiti Now),20
Halo (Live),16
Halo Greek translation,13
Hard To Say Goodbye,25
Haunted,5
Haunted (Michael Diamond Remix),1
Haunted (Rodg Private Mix),1
He Still Loves Me (Ft. Walter Williams),116
Heartbeat,-4
Heaven,0
Hello,20
Hello (Live),13
Hey Goldmember (Ft. Devin The Dude & Solange),16
Hip Hop Star (Ft. Big Boi & Sleepy Brown),-6
Hold Up,170
Hold Up (Homecoming Live),44
HOLD UP (Italian Version),170
Honesty,5
I'd Rather Go Blind,1
I'm Alone Now,-8
I'm Leaving,13
I'm Somebody (Ft. Anika Noni Rose & Sharon Leal),4
I Been On,-9
I Been On (Homecoming Live),-12
"I Been On (Remix) (Ft. Bun B, Lil Keke, Scarface, Slim Thug, Willie D & Z-Ro)",-9
I Can't Take No More,-42
I Care,59
I Care (Homecoming Live),57
I Go Gets Out,0
I Miss You,-11
I Wanna Be Where You Are,9
I Was Here,18
Ice Cream Truck,77
If,39
If I Were a Boy,1
If I Were a Boy (Maurice Joshua Mojo UK Remix),15
"If I Were A Boy / You Oughta Know (Live at the ""52nd GRAMMY Awards"")",-4
If I Were a Boy/You Oughta Know (Live),-4
If Looks Could Kill (You Would Be Dead) (Ft. Sam Sarpong & Yasiin Bey),17
In da Club (Sexy Lil Thug),76
Intro,0
Intro - Live,16
Intro (Speak My Mind),9
Irreemplazable,-8
Irreemplazable (Norteña Remix),-8
Irreplaceable,11
Irreplaceable (Beyoncé Experience Live),8
Irreplaceable (Live),11
Irreplaceable (Rap Version) (Ft. Ghostface Killah),17
Irreplaceable (Trina Remix),11
Jealous,-17
Jealous (Remix) (Ft. Chris Brown),-23
Keep Giving Your Love To Me,128
Kick Him Out (Next Ex),23
Kitty Kat,2
Kitty Kat (Homecoming Live),4
Krazy In Luv [Maurice's Nu Soul Remix],40
Lay Up Under Me,0
Lemonade Film (Script),45
Letter To Michelle Obama,12
LIFE,0
Lift Every Voice and Sing (Blue's Version) [Homecoming Live] (Ft. Blue Ivy Carter),26
Lift Every Voice and Sing (Homecoming Live),7
Listen,4
Listen (Live),4
Lost Yo Mind,-93
Love Drought,2
Love Drought & Sandcastles (Live from the 2017 Grammy's Awards),25
Love Me... (Ft. Mekhi Phifer),1
Love on Top,130
Love on Top (DJ Escape & Tony Coluccio Remix),358
Love On Top (Homecoming Live),47
"Me, Myself & I (Remix) (Ft. Ghostface Killah)",-25
"Me, Myself and I",-34
"Me, Myself and I (Beyoncé Experience Live)",-43
Mi Gente [Homecoming Live] (Ft. J Balvin),57
Mine (Ft. Drake),61
"MOOD 4 EVA (Ft. Childish Gambino, JAY-Z & Oumou Sangare)",21
Move Your Body (Ft. Swizz Beatz),-1
My First Time,-2
My Man,35
"MY POWER (Ft. Busiswa, Moonchild Sanelly, Nija, Tierra Whack & Yemi Alade)",112
Naughty Girl,72
Naughty girl - live,65
Naughty Girl (Lil Flip Remix) (Ft. Lil Flip),57
Naughty Girl (Remix) (Ft. Lil' Kim),65
Naughty Girl [Calderone Quayle Club Mix],23
Naughty Girl Medley (The Beyonce Experience Live),65
New Shoes,2
Next Ex (Kick 'Em Out),23
No Angel,-43
Now I Know (Forever To Bleed),-31
Once In A Lifetime,55
One Night Only (Disco),12
OTHERSIDE,1
Outro,13
Outro - live,21
Outro (Speak My Mind),9
Oye,-6
Part II (On The Run) [Solo Version],29
Partition,80
Partition (Homecoming Live),17
Partition (Remix) [Live at On the Run Tour] (Ft. JAY-Z),26
Partition Remix (Unreleased) (Ft. Nicki Minaj),26
Party (Ft. André 3000),-4
Party (Homecoming Live),7
Party (Remix) (Ft. J. Cole),34
Poison,3
Pray You Catch Me,15
PRAY YOU CATCH ME (Italian Version),5
Pretty Hurts,-31
Proud To Be An American,22
Purple Rain,-1
Radio,38
Radio (Live),27
Rather Die Young,-13
Resentment,-11
Resentment (Live at On the Run Tour),9
Ring Off,66
Ring the Alarm,-28
Ring The Alarm (Beyoncé Experience Live),-28
Ring The Alarm (Freemasons Mix),-28
Ring The Alarm (Grizz Remix),-28
Ring The Alarm (Karmatronic Remix),-28
Ring the Alarm (Spanglish Version),-4
Ring The Alarm (Tranzformas Remix),-28
Rise Up,-3
Roc,63
Rocket,-13
Run the World (Girls),9
Run the World (Girls) (Dave Audé Club Remix),9
Run The World (Girls) (Jochen Simms Club Remix),16
Run The World (Girls) [Homecoming Live],10
Runway,0
Sandcastles,2
Satellites,20
Save the Hero,22
Say My Name (Live),48
Scared of Lonely,-96
Schoolin' Life,14
Settle 4 U,0
Sexuality,14
Sexy Lil' Thug (Remix) (Ft. 50 Cent),54
Shining (Thank You) [Homecoming Live],14
Si Yo Fuera un Chico,-1
Signs (Ft. Missy Elliott),79
Single Ladies (Put a Ring on It),23
Single Ladies (Put a Ring On It) [DJ Escape & Tony Coluccio Remix] {Club Version},16
Single Ladies (Put a Ring on It) [Homecoming Live],27
Single Ladies (Put a Ring on It) [Live],23
Single Ladies (Remix) (Ft. Nicki Minaj),23
Slow Love,86
Smash Into You,28
Smash into You (Live),28
So Amazing (Ft. Stevie Wonder),98
So Much Damn Swag (Interlude) [Homecoming Live],-1
Sorry,-41
Sorry (Homecoming Live),-26
Sorry (Original Demo),22
Speechless,4
Speechless (Beyoncé Experience Live),10
SPIRIT,9
Standing On The Sun,28
Standing On The Sun (Unfinished Version),17
Standing on the Sun Remix,30
Start Over,20
Statement on Jay Z and Solange fight (Ft. JAY-Z & Solange),7
Step on Over,0
Still in Love (Kissing You),41
Stop Sign,8
Stop That! (Ft. Mekhi Phifer),16
Suga Mama,31
Suga Mama (Beyoncé Experience Live),31
Suga Mama (Remix) (Ft. Consequence),25
Summertime (Ft. Diddy),45
Super Bowl XLVII Halftime Show (Ft. Destiny's Child),0
Superpower (Ft. Frank Ocean),20
Sweet Dreams,94
Sweet Dreams (Dave Spoon Remix),94
Sweet Dreams (Harlan Pepper & AG III Remix),94
Sweet Dreams (Karmatronic Club Remix),94
Sweet Dreams (Live at Wynn Las Vegas),61
Sweet Dreams (Live),41
Sweet Dreams (OK DAC Remix),70
Sweet Dreams (Prevod na Srpski),3
"Swing Low, Sweet Chariot",4
That's How You Like It (Ft. JAY-Z),178
That's Why You're Beautiful,39
The Closer I Get to You (Ft. Luther Vandross),67
The Formation Tour Setlist,0
The Formation World Tour,0
The Last Great Seduction (Ft. Mekhi Phifer),20
The Mrs. Carter Show,0
The Spot (Jail) (Ft. Mekhi Phifer),13
"Time To Come Home (Ft. Angie Stone, Lil' Zane, Melba Moore & T-Bone)",20
Top Off (Homecoming Live),3
Trust In Me,27
Upgrade U (Beyoncé Experience Live) (Ft. JAY-Z),68
Upgrade U (Ft. JAY-Z),75
Upgrade U (Live),75
Video Phone,34
Video Phone (Extended Remix) (Ft. Lady Gaga),53
Waiting (Ft. Ne-Yo),15
Wake Up (Ft. Blue Ivy Carter),28
Welcome (Homecoming Live),0
Welcome to Hollywood (Beyoncé Experience Live),-3
Welcome to Hollywood (Ft. JAY-Z),-3
What's Good With You,56
What's It Gonna Be,14
When You Wish Upon a Star,2
Why Don't You Love Me,26
Wishing On a Star,21
Wishing On A Star (Remix),8
Work It Out,21
Work It Out (Azza's Nu Soul Mix),18
Work It Out (Blow Your Horn Dub),6
Work It Out (New Radio Edit),29
World Wide Woman,12
XO,42
Yes,51
Yoncé,20
Yoncé (Homecoming Live),21
"You Don't Love Me (No, No, No) [Homecoming Live]",-2
"You Don't Love Me, No,No,No (Live)",1
Yours And Mine,34
Tim McGraw,28
Picture to Burn,-32
Teardrops on my Guitar ,35
A Place in This World ,2
Cold As You ,-2
The Outside,8
Tied Together With A Smile ,-2
Stay Beautiful ,45
Should’ve Said No,-7
Mary’s Song ,19
Our Song ,5
I’m Only Me When I’m With You ,-2
Invisible ,32
A Perfectly Good Heart ,55
Jump Then Fall ,10
Untouchable ,21
Forever & Always ,6
Come In With the Rain ,-11
SuperStar,6
The Other Side of the Door ,-2
Fearless,16
Fifteen ,19
Love Story ,16
Hey Stephen ,58
White Horse ,-6
You Belong With Me ,24
Breathe ,10
Tell Me Why ,-1
You’re Not Sorry ,-2
The Way I Loved You ,36
The Best Day ,29
Change ,-7
Mine ,11
Sparks Fly,4
Back to December ,18
Speak Now ,21
Dear John,-17
Mean,12
The Story of Us ,-11
Never Grow Up ,10
Enchanted,27
Better Than Revenge ,11
Innocent ,10
Haunted ,4
Last Kiss ,28
Long Live ,-2
Ours,17
If This Was a Movie ,9
Superman,26
State of Grace,14
Red,19
Treacherous ,17
I Knew You Were Trouble ,-45
All Too Well,8
22,55
I Almost Do,-1
We Are Never Ever Getting Back Together,3
Stay Stay Stay ,22
The Last Time ,17
Holy Ground ,12
Sad Beautiful Tragic ,43
The Lucky One ,38
Everything Has Changed,51
Starlight ,19
Begin Again ,35
The Moment I Knew,-6
Come Back Be Here,11
Girl At Home ,11
Welcome to New York,30
Blank Space ,15
Style ,12
Out of the Woods,34
All You Had to Do Was Stay ,25
Shake It Off ,-95
I Wish You Would ,67
Bad Blood,-57
Wildest Dreams ,26
How You Get The Girl ,-9
This Love,147
I Know Places ,-2
Clean,-2
Wonderland ,-21
New Romantics,24
Ready For It ,4
End Game ,17
I Did Something Bad,59
Don’t Blame Me ,23
Delicate,17
Look What You Made Me Do,-2
So It Goes ,-21
Gorgeous ,-23
Getaway Car ,5
King of My Heart ,20
Dancing With Our Hands Tied ,-8
Dress,104
This Is Why We Can’t Have Nice Things ,39
Call It What You Want ,46
New Year’s Day ,-5
I Forgot That You Existed,-5
Cruel Summer ,-14
Lover,6
The Man ,-10
The Archer ,-7
I Think He Knows ,63
Miss Americana ,-18
Paper Rings,-3
Cornelia Street ,4
Death By A Thousand Cuts,-26
London Boy,60
Soon You’ll Get Better,16
False God ,-2
You Need To Calm Down ,13
Afterglow,5
ME ,75
It’s Nice To Have A Friend ,25
Daylight,7
the 1,13
cardigan,16
the last great american dynasty,19
exile,-15
my tear ricochet,-27
mirrorball,2
seven,27
august,25
this is me trying ,-6
illicit affairs,-15
invisible string,1
mad woman,-18
epiphany,2
betty,-11
peace,4
hoax,3
